name,name_alt,rmsd,saxs_l1,name_alt_ref,rmsd_ref,saxs_l1_ref,type,apo_holo_similarity
1F3Y-17_A,1JKN-15_A,0.522947870194912,0.0078563807544914,1JKN-15_A,5.077046751976013,0.1343748617268972,AlphaSAXS,Low
2L50-24_A,2L51-15_B,0.3977596014738083,0.0153786146197309,2L51-15_B,4.558897614479065,0.0865996452339296,AlphaSAXS,Medium
2AI6-18_A,2OZW-3_A,0.3233280405402183,0.0080475536292317,2OZW-3_A,3.0909553170204163,0.0163676040895962,AlphaSAXS,High
1NTR-7_A,1KRX-4_A,0.1975053362548351,0.0083619506986313,1KRX-4_A,4.554764032363892,0.1051091973714988,AlphaSAXS,Low
2LKC-4_A,2LKD-18_A,0.4963216185569763,0.0084113733046145,2LKD-18_A,7.469321489334106,0.0521533369726392,AlphaSAXS,Medium
2JU3-3_A,2JU8-9_A,0.2847803756594658,0.0094639940262927,2JU8-9_A,3.1716611981391907,0.1003206345556424,AlphaSAXS,Low
1JM4-15_B,1WUM_A,0.528550036251545,0.0083931215694186,1WUM_A,5.330935716629028,0.0296296261303462,AlphaSAXS,High
1W4U-9_A,1UR6-4_A,0.1621187292039394,0.0062486222640797,1UR6-4_A,3.0064886808395386,0.0902213271081837,AlphaSAXS,Medium
1MO7-3_A,1MO8-14_A,3.615357279777527,0.0368284307831775,1MO8-14_A,4.933060705661774,0.0267351263844128,AlphaSAXS,High
1ZOL_A,1O03_A,0.375741645693779,0.0072544635046615,1O03_A,3.130801022052765,0.1085195858189032,AlphaSAXS,Low
1XSA-23_A,1XSC-20_A,0.8290859311819077,0.0172225951021678,1XSC-20_A,4.762740433216095,0.0508696130676104,AlphaSAXS,Medium
1SYM-2_B,1XYD-15_B,0.5828724056482315,0.014838862648607,1XYD-15_B,6.687276363372803,0.0502358341486278,AlphaSAXS,Medium
1EX6_B,1EX7_A,0.3519123420119285,0.0105541737732286,1EX7_A,4.370039403438568,0.1686961133682933,AlphaSAXS,Low
1VIY_C,1VHL_A,0.3834987059235573,0.0110906345702835,1VHL_A,2.609630823135376,0.0309093419297761,AlphaSAXS,High
2UZ5-9_A,2VCD-8_A,0.2761732600629329,0.0085078008195811,2VCD-8_A,3.3737200498580933,0.0481729881663524,AlphaSAXS,High
1SKT-10_A,1TNQ-33_A,0.5803553760051727,0.0163879001870186,1TNQ-33_A,7.1856361627578735,0.3303145036667222,AlphaSAXS,Low
2LAO_A,1LAH_E,0.9142614156007768,0.022189668673978,1LAH_E,4.754666984081268,0.1353798062258034,AlphaSAXS,Low
1TJD_A,1EEJ_B,0.4577707126736641,0.0064847640903458,1EEJ_B,2.0783631503582,0.0432294667653391,AlphaSAXS,High
2F63-4_A,1EQM_A,0.2084672078490257,0.0058303430448739,1EQM_A,4.618325233459473,0.1623111131074218,AlphaSAXS,Low
1ORM-9_A,1QJ8_A,0.1263323705643415,0.0062986412437599,1QJ8_A,6.132052540779114,0.1453322132764076,AlphaSAXS,Low
2KXL-8_A,2K0G-9_A,0.3172097727656364,0.010576353991264,2K0G-9_A,6.087338328361511,0.0447260500937914,AlphaSAXS,High
2CG7_A,2CG6_A,0.2214307524263858,0.0107082638079019,2CG6_A,6.251242160797119,0.1361891967825535,AlphaSAXS,Low
2RCS_H,1AJ7_H,0.8602091670036316,0.012585890822726,1AJ7_H,7.209150791168213,0.1846267638012068,AlphaSAXS,Low
1FMF-4_A,1ID8-11_A,1.0091561079025269,0.014465201935843,1ID8-11_A,4.738998711109161,0.0477082592157131,AlphaSAXS,High
1S2O_A,1TJ5_A,0.4558724537491798,0.0094674247467611,1TJ5_A,3.3005642890930176,0.0976023318519734,AlphaSAXS,Medium
2D9E-12_A,2RS9-13_B,0.1965675130486488,0.0060974714962912,2RS9-13_B,5.300332307815552,0.0703582837093622,AlphaSAXS,Medium
1WD7_B,1WCW_A,0.2499538660049438,0.0056319069511025,1WCW_A,4.1210854053497314,0.0389527092001914,AlphaSAXS,High
2CJO-5_A,1ROE-10_A,0.1815807446837425,0.0142716534638877,1ROE-10_A,4.549102187156677,0.0339812028977443,AlphaSAXS,High
1JFJ-3_A,1JFK_A,3.951763808727264,0.1479746033316357,1JFK_A,14.726907014846802,0.5547103349508453,AlphaSAXS,Low
2NLN-4_A,1RRO_A,0.2153364010155201,0.0093522066647195,1RRO_A,3.898545801639557,0.0407880062275198,AlphaSAXS,High
1IJA-15_A,2KID-4_A,0.3415064141154289,0.0056065307919004,2KID-4_A,4.538443386554718,0.0364010463164975,AlphaSAXS,High
1K2H-4_A,1ZFS-13_B,0.3783348947763443,0.0127673440951952,1ZFS-13_B,6.58997654914856,0.072051314745331,AlphaSAXS,Medium
2K43-1_A,2K8R-1_A,0.1270067691802978,0.0051803176130228,2K8R-1_A,3.931471109390259,0.0362777524821862,AlphaSAXS,High
1MUT-11_A,1PUN-7_A,0.3213823586702347,0.0057685079745902,1PUN-7_A,4.97924268245697,0.0428852522943951,AlphaSAXS,High
1GH1-7_A,1CZ2-8_A,0.2018439210951328,0.0119383252870967,1CZ2-8_A,3.036588430404663,0.0715890497008221,AlphaSAXS,Medium
2JWW-13_A,1RTP_1,0.2481272257864475,0.0064984419348168,1RTP_1,2.788175046443939,0.0681894011833737,AlphaSAXS,Medium
1LIP-2_A,1JTB-6_A,0.2868742868304252,0.0092088983703394,1JTB-6_A,3.295143246650696,0.0768251595887351,AlphaSAXS,Medium
1AEL-12_A,1URE-8_A,0.1461584959179163,0.0069943411846389,1URE-8_A,2.69052654504776,0.0628819533390296,AlphaSAXS,Medium
4AKE_B,2ECK_B,2.1207158267498016,0.0233995879506747,2ECK_B,6.9484639167785645,0.3291762292067399,AlphaSAXS,Low
1LMZ-9_A,1P7M-18_A,0.22980447858572,0.0067270863140193,1P7M-18_A,3.814651370048523,0.0627483683308308,AlphaSAXS,Medium
1F3Y-17_A,1JKN-15_A,0.111485319212079,0.0045830546458617,1JKN-15_A,5.077046751976013,0.1343748617268972,OpenFold,Low
2L50-24_A,2L51-15_B,0.6814951449632645,0.0137935204144827,2L51-15_B,4.558897614479065,0.0865996452339296,OpenFold,Medium
2AI6-18_A,2OZW-3_A,0.0447431905195117,0.003436400513907,2OZW-3_A,3.0909553170204163,0.0163676040895962,OpenFold,High
1NTR-7_A,1KRX-4_A,0.0343704177066683,0.0034392566320144,1KRX-4_A,4.554764032363892,0.1051091973714988,OpenFold,Low
2LKC-4_A,2LKD-18_A,0.8321712166070938,0.0085210962443905,2LKD-18_A,7.469321489334106,0.0521533369726392,OpenFold,Medium
2JU3-3_A,2JU8-9_A,0.0507066678255796,0.0042690952259951,2JU8-9_A,3.1716611981391907,0.1003206345556424,OpenFold,Low
1JM4-15_B,1WUM_A,0.0406840350478887,0.0034115905399315,1WUM_A,5.330935716629028,0.0296296261303462,OpenFold,High
1W4U-9_A,1UR6-4_A,0.0265678134746849,0.0032781365397045,1UR6-4_A,3.0064886808395386,0.0902213271081837,OpenFold,Medium
1MO7-3_A,1MO8-14_A,1.7847862839698792,0.0206403052442401,1MO8-14_A,4.933060705661774,0.0267351263844128,OpenFold,High
1ZOL_A,1O03_A,0.035642881412059,0.0022663458676771,1O03_A,3.130801022052765,0.1085195858189032,OpenFold,Low
1XSA-23_A,1XSC-20_A,0.957602933049202,0.0146623417431533,1XSC-20_A,4.762740433216095,0.0508696130676104,OpenFold,Medium
1SYM-2_B,1XYD-15_B,0.931946188211441,0.0151229076256046,1XYD-15_B,6.687276363372803,0.0502358341486278,OpenFold,Medium
1EX6_B,1EX7_A,0.0887440331280231,0.003643285635293,1EX7_A,4.370039403438568,0.1686961133682933,OpenFold,Low
1VIY_C,1VHL_A,0.0883485004305839,0.0039381396505728,1VHL_A,2.609630823135376,0.0309093419297761,OpenFold,High
2UZ5-9_A,2VCD-8_A,0.0394878769293427,0.0035511411242146,2VCD-8_A,3.3737200498580933,0.0481729881663524,OpenFold,High
1SKT-10_A,1TNQ-33_A,0.0260416674427688,0.0028699386025907,1TNQ-33_A,7.1856361627578735,0.3303145036667222,OpenFold,Low
2LAO_A,1LAH_E,0.0435629626736044,0.0017909129249875,1LAH_E,4.754666984081268,0.1353798062258034,OpenFold,Low
1TJD_A,1EEJ_B,0.545995905995369,0.007105276048715,1EEJ_B,2.0783631503582,0.0432294667653391,OpenFold,High
2F63-4_A,1EQM_A,0.1087231934070587,0.0036947525726767,1EQM_A,4.618325233459473,0.1623111131074218,OpenFold,Low
1ORM-9_A,1QJ8_A,0.0612604059278965,0.0052387647953271,1QJ8_A,6.132052540779114,0.1453322132764076,OpenFold,Low
2KXL-8_A,2K0G-9_A,1.3569076359272003,0.013519513391867,2K0G-9_A,6.087338328361511,0.0447260500937914,OpenFold,High
2CG7_A,2CG6_A,0.468134731054306,0.0078463436856787,2CG6_A,6.251242160797119,0.1361891967825535,OpenFold,Low
2RCS_H,1AJ7_H,0.1181138958781957,0.0054556940748615,1AJ7_H,7.209150791168213,0.1846267638012068,OpenFold,Low
1FMF-4_A,1ID8-11_A,4.05038595199585,0.0419808128827787,1ID8-11_A,4.738998711109161,0.0477082592157131,OpenFold,High
1S2O_A,1TJ5_A,0.0273940176703035,0.0017492090157303,1TJ5_A,3.3005642890930176,0.0976023318519734,OpenFold,Medium
2D9E-12_A,2RS9-13_B,0.2607608027756214,0.0048104249202135,2RS9-13_B,5.300332307815552,0.0703582837093622,OpenFold,Medium
1WD7_B,1WCW_A,0.1906114816665649,0.0033105788438526,1WCW_A,4.1210854053497314,0.0389527092001914,OpenFold,High
2CJO-5_A,1ROE-10_A,0.0632107630372047,0.004684220200631,1ROE-10_A,4.549102187156677,0.0339812028977443,OpenFold,High
1JFJ-3_A,1JFK_A,1.1333250254392624,0.010678252531941,1JFK_A,14.726907014846802,0.5547103349508453,OpenFold,Low
2NLN-4_A,1RRO_A,0.0327683775685727,0.0028771133208682,1RRO_A,3.898545801639557,0.0407880062275198,OpenFold,High
1IJA-15_A,2KID-4_A,0.3856310620903969,0.0061020724645818,2KID-4_A,4.538443386554718,0.0364010463164975,OpenFold,High
1K2H-4_A,1ZFS-13_B,0.1472767814993858,0.0073416031556946,1ZFS-13_B,6.58997654914856,0.072051314745331,OpenFold,Medium
2K43-1_A,2K8R-1_A,0.0529089476913213,0.004460903765378,2K8R-1_A,3.931471109390259,0.0362777524821862,OpenFold,High
1MUT-11_A,1PUN-7_A,0.0634168460965156,0.0037924198511594,1PUN-7_A,4.97924268245697,0.0428852522943951,OpenFold,High
1GH1-7_A,1CZ2-8_A,0.0494105881080031,0.004458325781662,1CZ2-8_A,3.036588430404663,0.0715890497008221,OpenFold,Medium
2JWW-13_A,1RTP_1,0.0236633792519569,0.0033576378449862,1RTP_1,2.788175046443939,0.0681894011833737,OpenFold,Medium
1LIP-2_A,1JTB-6_A,0.0593401957303285,0.0060704698162038,1JTB-6_A,3.295143246650696,0.0768251595887351,OpenFold,Medium
1AEL-12_A,1URE-8_A,0.036118805874139,0.0030315052704019,1URE-8_A,2.69052654504776,0.0628819533390296,OpenFold,Medium
4AKE_B,2ECK_B,2.033775895833969,0.014361320193702,2ECK_B,6.9484639167785645,0.3291762292067399,OpenFold,Low
1LMZ-9_A,1P7M-18_A,0.0538969552144408,0.0027627116390906,1P7M-18_A,3.814651370048523,0.0627483683308308,OpenFold,Medium
