pdb_id,type,rmsd,rg_diff_A,saxs_l1,of_rmsd,OpenFold Accuracy
2K8R-1_A,AlphaSAXS,3.7439680099487305,0.14650035079916135,0.031021491930880912,4.0232279896736145,Medium
2K8R-1_A,OpenFold,4.0232279896736145,-0.21743400208594998,0.037298743253400386,4.0232279896736145,Medium
1XSA-23_A,AlphaSAXS,4.088649153709412,0.968865948033415,0.11581830356905495,3.9637666940689087,Medium
1XSA-23_A,OpenFold,3.9637666940689087,0.7541010665464021,0.07594998766853339,3.9637666940689087,Medium
1K2H-4_A,AlphaSAXS,6.395006775856018,-0.08638741685883078,0.07203137727140962,6.599480509757996,Low
1K2H-4_A,OpenFold,6.599480509757996,-0.0035151793642929086,0.06532242955734123,6.599480509757996,Low
2D9E-12_A,AlphaSAXS,3.590703010559082,0.33707751009187215,0.029631790919638086,3.8967731595039368,Medium
2D9E-12_A,OpenFold,3.8967731595039368,0.3440742019694176,0.027898762612349914,3.8967731595039368,Medium
1P7M-18_A,AlphaSAXS,2.488432079553604,-0.20649264371661813,0.03046725253532934,2.277342975139618,Medium
1P7M-18_A,OpenFold,2.277342975139618,-0.6031011063050951,0.06434191308620858,2.277342975139618,Medium
1EX6_B,AlphaSAXS,3.0724433064460754,-1.2732303662685363,0.10220634486879251,1.3640336692333221,Medium
1EX6_B,OpenFold,1.3640336692333221,-1.049430202822108,0.059223177853326925,1.3640336692333221,Medium
2AI6-18_A,AlphaSAXS,2.787221372127533,0.4795739905346652,0.05862539019495081,2.485288828611374,Medium
2AI6-18_A,OpenFold,2.485288828611374,0.1400444967443315,0.017846793019842516,2.485288828611374,Medium
1MO8-14_A,AlphaSAXS,18.085795640945435,4.645114848631899,0.36662648898895456,20.8240008354187,Low
1MO8-14_A,OpenFold,20.8240008354187,3.743096422594654,0.37479477208055745,20.8240008354187,Low
2KXL-8_A,AlphaSAXS,3.8860225677490234,0.06104895443123093,0.020669270781663023,4.482156038284302,Medium
2KXL-8_A,OpenFold,4.482156038284302,-0.10851803684058359,0.04067577956480735,4.482156038284302,Medium
1TJD_A,AlphaSAXS,1.699306070804596,0.3432192122528588,0.03310911769861673,2.504618465900421,Medium
1TJD_A,OpenFold,2.504618465900421,-0.1756858594229005,0.01944273487251666,2.504618465900421,Medium
2VCD-8_A,AlphaSAXS,1.5791341662406921,0.2934212992329277,0.05776775123996451,1.495840847492218,Medium
2VCD-8_A,OpenFold,1.495840847492218,-0.09035384274519664,0.029302273998006792,1.495840847492218,Medium
2F63-4_A,AlphaSAXS,2.2038356959819794,0.809053079203248,0.10880515092025897,1.8967130780220032,Medium
2F63-4_A,OpenFold,1.8967130780220032,0.4703715033114486,0.06657933964993987,1.8967130780220032,Medium
1ROE-10_A,AlphaSAXS,4.396737217903137,0.24291047117342313,0.05224717000953328,4.444550275802612,Medium
1ROE-10_A,OpenFold,4.444550275802612,0.1317434589382116,0.036535878446929286,4.444550275802612,Medium
1CZ2-8_A,AlphaSAXS,2.4383819103240967,-0.17090872367562238,0.03837426924176279,2.6941484212875366,Medium
1CZ2-8_A,OpenFold,2.6941484212875366,-0.141714337131309,0.035983114715174694,2.6941484212875366,Medium
1PUN-7_A,AlphaSAXS,3.8825681805610657,-0.07874670325023647,0.04200657358774334,4.031204581260681,Medium
1PUN-7_A,OpenFold,4.031204581260681,-0.34073611037727325,0.05611306108361405,4.031204581260681,Medium
1WCW_A,AlphaSAXS,1.5908023715019226,-0.0775300227982667,0.04673737214751102,1.6731691360473633,Medium
1WCW_A,OpenFold,1.6731691360473633,-0.2268074123944741,0.03256118592061409,1.6731691360473633,Medium
1ZFS-13_B,AlphaSAXS,2.730790376663208,-0.2247465917727154,0.05065663422359984,2.111629545688629,Medium
1ZFS-13_B,OpenFold,2.111629545688629,-0.1567866156542408,0.038214950413616305,2.111629545688629,Medium
1VHL_A,AlphaSAXS,2.1964825689792633,-0.16015193024315533,0.03990146505445409,2.5522148609161377,Medium
1VHL_A,OpenFold,2.5522148609161377,-0.36529451925059186,0.04525672812615954,2.5522148609161377,Medium
2LKC-4_A,AlphaSAXS,7.930576801300049,1.0506820883506762,0.09834982861100433,8.090288639068604,Low
2LKC-4_A,OpenFold,8.090288639068604,0.9416071291817851,0.08863616245240254,8.090288639068604,Low
1ZOL_A,AlphaSAXS,2.4884289503097534,-0.9237215998666071,0.0617381722569427,2.8507041931152344,Medium
1ZOL_A,OpenFold,2.8507041931152344,-1.4014007071881318,0.10308954764949566,2.8507041931152344,Medium
1NTR-7_A,AlphaSAXS,4.7535717487335205,-0.20002646101824784,0.04146788977519225,4.370365142822266,Medium
1NTR-7_A,OpenFold,4.370365142822266,-0.4132471073269661,0.07028398407426376,4.370365142822266,Medium
1UR6-4_A,AlphaSAXS,2.3095758259296417,-0.03961575297162234,0.023500989419843587,2.1689914166927338,Medium
1UR6-4_A,OpenFold,2.1689914166927338,-0.21959611383990607,0.014298746628845482,2.1689914166927338,Medium
1TNQ-33_A,AlphaSAXS,5.227321982383728,-1.3397652030133012,0.18468238778698676,3.186950981616974,Medium
1TNQ-33_A,OpenFold,3.186950981616974,-1.4112094127415875,0.18667091115392936,3.186950981616974,Medium
1S2O_A,AlphaSAXS,2.2988244891166687,-0.3752221252362187,0.049944726813130225,3.104504942893982,Medium
1S2O_A,OpenFold,3.104504942893982,-1.1711034562581024,0.0922217870746769,3.104504942893982,Medium
1JM4-15_B,AlphaSAXS,4.142813682556152,0.48811578570829184,0.0511244460585765,2.9965057969093323,Medium
1JM4-15_B,OpenFold,2.9965057969093323,0.5754384256538447,0.056455285177163556,2.9965057969093323,Medium
1RRO_A,AlphaSAXS,1.1153163015842438,-0.027192551565651257,0.014597281816503152,0.6078558787703514,High
1RRO_A,OpenFold,0.6078558787703514,-0.07245971260668504,0.018355903507416383,0.6078558787703514,High
2CG6_A,AlphaSAXS,7.207493782043457,-1.6334259127867545,0.16576767316971872,6.184125542640686,Low
2CG6_A,OpenFold,6.184125542640686,-1.7312968874038592,0.1622540396550686,6.184125542640686,Low
1MO7-3_A,AlphaSAXS,18.58777642250061,4.087549809579299,0.3382119721116865,21.66639804840088,Low
1MO7-3_A,OpenFold,21.66639804840088,3.690864212321905,0.3601305087673957,21.66639804840088,Low
1VIY_C,AlphaSAXS,2.35550194978714,0.0027537836943625216,0.01886593318007853,2.791082262992859,Medium
1VIY_C,OpenFold,2.791082262992859,-0.2113210355374262,0.028356973504587473,2.791082262992859,Medium
1RTP_1,AlphaSAXS,1.0937371850013733,0.06402103765221767,0.020631897458081524,0.4624359682202339,High
1RTP_1,OpenFold,0.4624359682202339,-0.05226156831466655,0.014587802836864677,0.4624359682202339,High
1JKN-15_A,AlphaSAXS,3.819941282272339,1.1421714219373658,0.1454140628184531,2.735125720500946,Medium
1JKN-15_A,OpenFold,2.735125720500946,0.47244509050704986,0.06400741360710265,2.735125720500946,Medium
1JFJ-3_A,AlphaSAXS,7.452875971794128,-2.5526893419569907,0.2129057360157588,13.698426485061646,Low
1JFJ-3_A,OpenFold,13.698426485061646,-9.202855653289152,0.7403466231200451,13.698426485061646,Low
1LAH_E,AlphaSAXS,1.4369890093803406,0.42195431104758097,0.04382557979964038,0.4350994899868965,High
1LAH_E,OpenFold,0.4350994899868965,0.0410064507249297,0.007301493248893667,0.4350994899868965,High
1LIP-2_A,AlphaSAXS,1.8275569379329681,0.3893420973689721,0.08534527916332764,2.2875186800956726,Medium
1LIP-2_A,OpenFold,2.2875186800956726,0.520425878309001,0.10576717652299775,2.2875186800956726,Medium
1AEL-12_A,AlphaSAXS,2.695547938346863,0.3979720994216507,0.0876132785757031,2.485528588294983,Medium
1AEL-12_A,OpenFold,2.485528588294983,0.285270238542763,0.07338826403819243,2.485528588294983,Medium
2RCS_H,AlphaSAXS,4.188855588436127,-1.9470044075361548,0.12915705924411341,5.376092195510864,Low
2RCS_H,OpenFold,5.376092195510864,-2.2058965529227548,0.16003019213495467,5.376092195510864,Low
1JTB-6_A,AlphaSAXS,2.7217254042625427,0.5092332041843228,0.07717459643916483,2.9502227902412415,Medium
1JTB-6_A,OpenFold,2.9502227902412415,0.6307851547033927,0.09614748618520058,2.9502227902412415,Medium
2CG7_A,AlphaSAXS,2.424400895833969,-0.30423061658142236,0.04888196989461664,0.9254872798919678,High
2CG7_A,OpenFold,0.9254872798919678,-0.3327146907730394,0.03149612405583013,0.9254872798919678,High
1SKT-10_A,AlphaSAXS,3.980453908443451,1.1659847543849944,0.17048732396478838,5.028528571128845,Low
1SKT-10_A,OpenFold,5.028528571128845,1.0393561956786734,0.1528728688765032,5.028528571128845,Low
1QJ8_A,AlphaSAXS,2.7977174520492554,0.15738076169007575,0.07846894801425183,1.312507539987564,Medium
1QJ8_A,OpenFold,1.312507539987564,0.046559346588854744,0.031808108900355764,1.312507539987564,Medium
2K43-1_A,AlphaSAXS,2.7308693528175354,0.08097759359977585,0.03281230775419104,2.8643620014190674,Medium
2K43-1_A,OpenFold,2.8643620014190674,-0.27070602077668315,0.04259541156156924,2.8643620014190674,Medium
2JU8-9_A,AlphaSAXS,1.880854070186615,-0.8245955435564611,0.1093746880814246,1.8164202570915222,Medium
2JU8-9_A,OpenFold,1.8164202570915222,-0.9875953182755137,0.1325048835146585,1.8164202570915222,Medium
1EQM_A,AlphaSAXS,3.364425003528595,-0.5626274433042555,0.0635363876297721,3.968024253845215,Medium
1EQM_A,OpenFold,3.968024253845215,-0.9107409193460025,0.10230495811569151,3.968024253845215,Medium
1JFK_A,AlphaSAXS,11.185952425003052,4.33067772120856,0.38935304467734444,13.2603120803833,Low
1JFK_A,OpenFold,13.2603120803833,-2.426824956834339,0.2745613420720413,13.2603120803833,Low
2NLN-4_A,AlphaSAXS,3.7740206718444824,0.11946628710575391,0.039380379578751255,3.898136019706726,Medium
2NLN-4_A,OpenFold,3.898136019706726,0.11091222601596007,0.03501328550447747,3.898136019706726,Medium
1WD7_B,AlphaSAXS,4.692208766937256,0.563814711582098,0.07635217858503221,5.220727324485779,Low
1WD7_B,OpenFold,5.220727324485779,0.4819171661624999,0.07189534567476326,5.220727324485779,Low
1IJA-15_A,AlphaSAXS,4.365927278995514,0.40595340007827385,0.048830644492797524,3.3294478058815002,Medium
1IJA-15_A,OpenFold,3.3294478058815002,-0.0981660557351538,0.035448767270531645,3.3294478058815002,Medium
2L51-15_B,AlphaSAXS,4.283100962638855,0.7108413340932751,0.08383567791833187,4.846457839012146,Medium
2L51-15_B,OpenFold,4.846457839012146,0.8009292851986882,0.09516358318433657,4.846457839012146,Medium
1FMF-4_A,AlphaSAXS,15.722757577896118,0.671535680981008,0.09532319858016366,16.602275371551514,Low
1FMF-4_A,OpenFold,16.602275371551514,7.76937749735832,0.8934092082928988,16.602275371551514,Low
2JWW-13_A,AlphaSAXS,2.6936575770378113,0.383400152852893,0.07389953413669072,2.6619619131088257,Medium
2JWW-13_A,OpenFold,2.6619619131088257,0.29719959791223216,0.05882706621259671,2.6619619131088257,Medium
2L50-24_A,AlphaSAXS,4.13036972284317,0.02791217367422716,0.025285478610667857,3.9056947827339172,Medium
2L50-24_A,OpenFold,3.9056947827339172,0.014414655134664667,0.030690296218223594,3.9056947827339172,Medium
1TJ5_A,AlphaSAXS,1.7409755289554596,0.5045338087994677,0.08950521496289679,0.5786128714680672,High
1TJ5_A,OpenFold,0.5786128714680672,-0.2571997953330474,0.009127036456848786,0.5786128714680672,High
1URE-8_A,AlphaSAXS,1.6104941070079803,0.15390301098027415,0.03617090483828839,1.4982075989246368,Medium
1URE-8_A,OpenFold,1.4982075989246368,0.05219439713473051,0.02437863165292695,1.4982075989246368,Medium
1ID8-11_A,AlphaSAXS,16.53868317604065,0.5421620372733127,0.0699615664316447,17.283194065093994,Low
1ID8-11_A,OpenFold,17.283194065093994,7.305448798526655,0.8458464891717861,17.283194065093994,Low
2ECK_B,AlphaSAXS,18.356680870056152,0.6401823777399707,0.08734698889075769,22.503516674041748,Low
2ECK_B,OpenFold,22.503516674041748,6.240509326482369,0.5977124681267911,22.503516674041748,Low
4AKE_B,AlphaSAXS,18.923017978668213,-2.1949224641636556,0.24898434689957913,21.311352252960205,Low
4AKE_B,OpenFold,21.311352252960205,3.2220188414104722,0.252667413757205,21.311352252960205,Low
1GH1-7_A,AlphaSAXS,2.296116054058075,0.06965997319915651,0.06693990028403823,2.535277009010315,Medium
1GH1-7_A,OpenFold,2.535277009010315,0.044381675378386554,0.06718270375543699,2.535277009010315,Medium
1AJ7_H,AlphaSAXS,5.110107660293579,0.39497662128944455,0.07699354840631747,2.6196569204330444,Medium
1AJ7_H,OpenFold,2.6196569204330444,0.029245488636151507,0.03403227667938927,2.6196569204330444,Medium
2RS9-13_B,AlphaSAXS,3.3325934410095215,-0.38456266073898293,0.04372910991887635,2.868720293045044,Medium
2RS9-13_B,OpenFold,2.868720293045044,-0.39355761026223623,0.04771984515904654,2.868720293045044,Medium
1F3Y-17_A,AlphaSAXS,5.649862289428711,0.13469950457469793,0.05793111414711597,3.3615490794181824,Medium
1F3Y-17_A,OpenFold,3.3615490794181824,-0.5827619067427348,0.08712903554296816,3.3615490794181824,Medium
1EEJ_B,AlphaSAXS,2.0470885932445526,0.010227928364585637,0.02148734191248511,3.0041369795799255,Medium
1EEJ_B,OpenFold,3.0041369795799255,-0.5453518426698567,0.05878883725307352,3.0041369795799255,Medium
2UZ5-9_A,AlphaSAXS,3.0817824602127075,0.01828958907867051,0.021799686105145842,3.140295147895813,Medium
2UZ5-9_A,OpenFold,3.140295147895813,-0.3470294534189633,0.03321732265053905,3.140295147895813,Medium
1XSC-20_A,AlphaSAXS,2.4490326642990112,0.47174277774030493,0.07265927670249572,3.0839574337005615,Medium
1XSC-20_A,OpenFold,3.0839574337005615,0.16633887138000958,0.02605945532948238,3.0839574337005615,Medium
2LAO_A,AlphaSAXS,4.117751121520996,-0.9644283120622821,0.10455878323414478,4.647368490695953,Medium
2LAO_A,OpenFold,4.647368490695953,-1.263570326203014,0.13161956681127046,4.647368490695953,Medium
1EX7_A,AlphaSAXS,2.09555447101593,0.32002240281176153,0.07658180199084424,3.3644360303878784,Medium
1EX7_A,OpenFold,3.3644360303878784,0.5183706673588717,0.11395081909280744,3.3644360303878784,Medium
2K0G-9_A,AlphaSAXS,3.4280717372894287,-0.23781560206549202,0.047672313029413625,3.014959990978241,Medium
2K0G-9_A,OpenFold,3.014959990978241,-0.46525683747242974,0.04483907350668331,3.014959990978241,Medium
1ORM-9_A,AlphaSAXS,5.581598281860352,0.3018294693744106,0.07641413637271328,5.6236618757247925,Low
1ORM-9_A,OpenFold,5.6236618757247925,0.20017760439484,0.12191493105436546,5.6236618757247925,Low
2OZW-3_A,AlphaSAXS,3.6293751001358032,0.4995532486849519,0.06283453460784305,3.179282546043396,Medium
2OZW-3_A,OpenFold,3.179282546043396,0.12979111860396575,0.019096184125541944,3.179282546043396,Medium
1O03_A,AlphaSAXS,2.4011632800102234,0.00933364980118423,0.06690676330844379,1.0161551088094711,Medium
1O03_A,OpenFold,1.0161551088094711,-0.5410874197973614,0.012122020677360224,1.0161551088094711,Medium
2KID-4_A,AlphaSAXS,1.9722668826580048,0.1291984552997394,0.03308009603248761,2.3928554356098175,Medium
2KID-4_A,OpenFold,2.3928554356098175,-0.413027911197843,0.03244759878658482,2.3928554356098175,Medium
1W4U-9_A,AlphaSAXS,2.2773510217666626,1.0207110333928204,0.10952321985658969,2.2789366543293,Medium
1W4U-9_A,OpenFold,2.2789366543293,0.8423677612923752,0.0862061291549564,2.2789366543293,Medium
1XYD-15_B,AlphaSAXS,2.345108240842819,-0.08383957901410666,0.03396414943674582,1.9192026555538177,Medium
1XYD-15_B,OpenFold,1.9192026555538177,0.006000611142606971,0.023348081314234735,1.9192026555538177,Medium
1SYM-2_B,AlphaSAXS,5.599597096443176,-0.13108734124778865,0.04652712699034391,6.31409227848053,Low
1SYM-2_B,OpenFold,6.31409227848053,-0.07364673512310516,0.05041829763954655,6.31409227848053,Low
1WUM_A,AlphaSAXS,5.600694417953491,0.22959152407065586,0.03598762050627047,3.966139256954193,Medium
1WUM_A,OpenFold,3.966139256954193,0.2873203099534738,0.04045052104317354,3.966139256954193,Medium
2JU3-3_A,AlphaSAXS,2.9791006445884705,-0.22618150736460008,0.03839368766084477,3.0446264147758484,Medium
2JU3-3_A,OpenFold,3.0446264147758484,-0.43322950244104597,0.06116593650445573,3.0446264147758484,Medium
1LMZ-9_A,AlphaSAXS,2.8495430946350098,-1.1186356990448632,0.08852059307932816,3.3966565132141113,Medium
1LMZ-9_A,OpenFold,3.3966565132141113,-1.5063564604934898,0.1247234401838307,3.3966565132141113,Medium
2LKD-18_A,AlphaSAXS,5.965339541435242,0.5989369098761066,0.05553874916817607,4.726607799530029,Medium
2LKD-18_A,OpenFold,4.726607799530029,0.4561122364334991,0.035774283461632694,4.726607799530029,Medium
2CJO-5_A,AlphaSAXS,1.4472322165966034,0.5146105775349707,0.06980212549545406,1.472180187702179,Medium
2CJO-5_A,OpenFold,1.472180187702179,0.3690096083321337,0.04513965484269573,1.472180187702179,Medium
1MUT-11_A,AlphaSAXS,3.9553987979888916,0.2409680869400943,0.04665540972058214,3.6942535638809204,Medium
1MUT-11_A,OpenFold,3.6942535638809204,-0.021814110245330642,0.026004235280832875,3.6942535638809204,Medium
1KRX-4_A,AlphaSAXS,3.4171605110168457,0.4946252030281717,0.08411128083342806,3.5106196999549866,Medium
1KRX-4_A,OpenFold,3.5106196999549866,0.2665486732684652,0.04769930602767844,3.5106196999549866,Medium
