,protein_id,seq_length_avg,seq_length_ref,seq_length_best,rg_avg,rg_ref,rg_best,re_avg,re_ref,re_best,helicity_avg,helicity_ref,helicity_best,beta_avg,beta_ref,beta_best,rmsd_avg,rmsd_ref,rmsd_best,loss_avg,loss_ref,loss_best
0,2K8R-1_A,133.0,133,133,1.3737933046632111,1.3777686676285295,1.3695647490598248,1.5367163,0.8620291,1.4137695,0.08375939849624058,0.09022556390977443,0.09022556390977443,0.39609022556390977,0.3007518796992481,0.40601503759398494,3.7132869362831116,,3.5803166031837463,0.0151171524,,0.01371296
1,1XSA-23_A,153.0,153,153,1.4823223659034523,1.4687494692987917,1.4873055794681653,4.640028,4.452528,5.152053,0.06549019607843137,0.26143790849673204,0.058823529411764705,0.3420915032679738,0.3006535947712418,0.35947712418300654,3.553883397579193,,3.0253198742866516,0.0295113048,,0.03187927
2,1K2H-4_A,93.0,93,93,1.4031403944728138,1.40354525067569,1.3913609995218745,3.8093019,3.23232,3.8122022,0.6090322580645161,0.6451612903225806,0.5806451612903226,0.045161290322580656,0.043010752688172046,0.043010752688172046,6.449603497982025,,5.955379605293274,0.0703894682,,0.07182862
3,2D9E-12_A,121.0,121,121,1.5269641774460616,1.5187304255852954,1.5195892697521982,2.109292,2.1778164,1.7444081,0.5682644628099174,0.6115702479338843,0.6198347107438017,0.0004958677685950413,0.0,0.0,3.4457594752311707,,2.6765677332878113,0.019319163,,0.01984841
4,1P7M-18_A,187.0,187,187,1.7057116055557164,1.7121877777672578,1.702929847336192,1.3588455,2.1191704,1.4257221,0.5674866310160429,0.5401069518716578,0.5561497326203209,0.028235294117647056,0.0213903743315508,0.0213903743315508,2.406974333524704,,2.256147563457489,0.0152447302,,0.01637184
5,1EX6_B,186.0,393,186,1.7129811790848881,1.832680997054291,1.7035966995231409,1.1094795,0.88316137,0.9560477,0.43172043010752686,0.1984732824427481,0.43548387096774194,0.22989247311827954,0.10178117048346055,0.23118279569892472,3.0408418476581573,,2.664045989513397,0.08498016799999998,,0.08809476
6,2AI6-18_A,125.0,125,125,1.4488336605042285,1.4557362959046223,1.4390658426443477,4.275695,4.709083,4.3078356,0.08272,0.232,0.112,0.33088,0.352,0.32,3.1805304527282714,,2.9023537039756775,0.027004426399999993,,0.02687395
7,1MO8-14_A,213.0,213,213,1.724184670731563,1.725500820947981,1.8025682359368724,1.9600323,0.5266304,1.1505905,0.07323943661971831,0.215962441314554,0.06103286384976526,0.15136150234741783,0.1267605633802817,0.15492957746478872,17.484772324562073,,15.44576644897461,0.14770346099999998,,0.14697963
8,2KXL-8_A,142.0,142,142,1.5107265787593476,1.5091980982824023,1.5061258484142679,5.341499,4.634607,5.2602053,0.39028169014084513,0.38028169014084506,0.4014084507042254,0.2554929577464789,0.24647887323943662,0.2535211267605634,3.7711502850055694,,3.4558069705963135,0.018808205,,0.01901604
9,1TJD_A,216.0,216,216,1.8985413714919313,1.8654663820494666,1.8913902701676844,4.010394,4.4086027,4.09464,0.357962962962963,0.3888888888888889,0.32407407407407407,0.2087037037037037,0.20833333333333334,0.2037037037037037,3.140790808200836,,2.675509452819824,0.037089505,,0.03428155
10,2VCD-8_A,137.0,137,137,1.4754697017146128,1.4879620024600242,1.4803655739866715,5.043843,4.4950037,4.9198904,0.1731386861313869,0.23357664233576642,0.145985401459854,0.3205839416058394,0.30656934306569344,0.32116788321167883,2.112714669108391,,1.7165842652320862,0.0256359508,,0.02541574
11,2F63-4_A,158.0,158,158,1.4655454939327888,1.4432170291021464,1.4557602583517313,2.787479,2.9291146,2.7804403,0.2982278481012658,0.2721518987341772,0.310126582278481,0.2750632911392405,0.14556962025316456,0.2721518987341772,2.753016692399979,,2.3680096864700317,0.0420969066,,0.03344042
12,1ROE-10_A,97.0,97,97,1.205637433605152,1.2026723882169725,1.2033191112050232,3.577571,3.051452,3.5833871,0.2002061855670103,0.09278350515463918,0.21649484536082475,0.32123711340206185,0.16494845360824742,0.29896907216494845,4.381982910633087,,4.202966392040253,0.033566694,,0.03442128
13,1CZ2-8_A,90.0,90,90,1.2270771656014652,1.2273715139201573,1.2263185583726424,1.4869248,1.3755581,1.4476312,0.6186666666666667,0.5666666666666667,0.6111111111111112,0.0,0.0,0.0,2.442490500211716,,2.270028293132782,0.023636495799999997,,0.02383807
14,1PUN-7_A,129.0,129,129,1.4458246330269315,1.4647884156322797,1.4488380393636722,3.693732,3.4276292,3.6829488,0.20914728682170544,0.20155038759689922,0.17829457364341086,0.4240310077519379,0.20155038759689922,0.4418604651162791,3.8437199652194978,,3.6144819855690002,0.0365829708,,0.03180172
15,1WCW_A,254.0,563,254,2.008656244754688,2.0568565241326526,1.9967596289414116,1.6561949,1.7278523,1.6281358,0.22338582677165356,0.2202486678507993,0.25196850393700787,0.17976377952755904,0.09236234458259325,0.18503937007874016,2.89120432138443,,2.00385645031929,0.026785826600000003,,0.02500292
16,1ZFS-13_B,93.0,93,93,1.405371143204793,1.4169490689508006,1.399024818030358,3.7239523,3.0011091,3.7678807,0.6268817204301075,0.6021505376344086,0.6021505376344086,0.05096774193548388,0.043010752688172046,0.06451612903225806,2.898601162433624,,2.632754147052765,0.040925833800000005,,0.04091774
17,1VHL_A,208.0,472,208,1.8959602589664075,1.8992859895154297,1.9003393179127388,1.7909998,2.099823,2.0855582,0.5634615384615385,0.25,0.5721153846153846,0.1326923076923077,0.057203389830508475,0.13942307692307693,2.068730428814888,,1.7934750020503998,0.023961148600000003,,0.02204516
18,2LKC-4_A,178.0,178,178,1.564373782876433,1.5267790267720203,1.5666624197111436,1.9107544,3.3938513,2.430845,0.248876404494382,0.29213483146067415,0.23595505617977527,0.22460674157303373,0.16292134831460675,0.21348314606741572,7.22332239151001,,6.882128715515137,0.04416057440000001,,0.0448415
19,1ZOL_A,221.0,479,221,1.8346872234432958,1.8926576772708048,1.836652203983538,1.2133946,1.3064977,1.1190072,0.5344796380090499,0.23799582463465555,0.5429864253393665,0.13004524886877827,0.05219206680584551,0.12669683257918551,2.0532703578472136,,1.8011504411697388,0.0283043892,,0.02771273
20,1NTR-7_A,124.0,124,124,1.3558081089741691,1.3684595127049581,1.3562722474439692,1.3236502,2.0114977,1.441463,0.43629032258064515,0.3225806451612903,0.4435483870967742,0.18370967741935487,0.14516129032258066,0.1774193548387097,4.658239954710007,,4.382267594337463,0.038804287,,0.0378371
21,1UR6-4_A,147.0,147,147,1.5947141437524368,1.609904428002966,1.5958608574188922,3.4879882,3.8295887,3.5109327,0.36639455782312935,0.3333333333333333,0.3673469387755102,0.19782312925170065,0.17006802721088435,0.1836734693877551,2.4513866156339645,,2.321580648422241,0.020389064000000002,,0.01822528
22,1TNQ-33_A,90.0,90,90,1.3081181255575123,1.4252344758859228,1.316852581736776,2.6650019,2.8416898,2.415752,0.6391111111111111,0.6111111111111112,0.6666666666666666,0.06577777777777777,0.0,0.06666666666666667,5.586712610721588,,5.239706635475159,0.156956243,,0.14814043
23,1S2O_A,244.0,593,244,1.8563961580875803,1.8891333202701512,1.8690785160124117,1.3200816,1.6644883,1.4953043,0.3795901639344262,0.16694772344013492,0.3975409836065574,0.22475409836065574,0.09612141652613827,0.22131147540983606,1.9937995374202728,,1.7509470880031586,0.021149085199999997,,0.02270834
24,1JM4-15_B,118.0,118,118,1.4687882193790696,1.4460155096031635,1.4748113183006428,2.6584516,1.5350693,2.3397503,0.6049152542372882,0.5169491525423728,0.6016949152542372,0.0015254237288135593,0.0,0.0,5.714095556735993,,4.9582439661026,0.033854005,,0.03567515
25,1RRO_A,108.0,108,108,1.272133752039026,1.2724530725126717,1.2675063092697392,2.4185915,2.343052,2.4311023,0.6016666666666667,0.5740740740740741,0.5925925925925926,0.0374074074074074,0.037037037037037035,0.037037037037037035,1.7428312808275224,,1.3163498044013977,0.0165376508,,0.01662141
26,2CG6_A,90.0,90,90,1.6929694758192233,1.8348707549732617,1.6926476904014995,5.267432,5.884685,5.2985206,0.0013333333333333333,0.0,0.0,0.5391111111111111,0.5888888888888889,0.5,6.923712837696075,,6.270231008529663,0.1405726776,,0.14362574
27,1MO7-3_A,213.0,213,213,1.7441566902314036,1.7501723738655637,1.7322656563816048,1.8193933,1.2485683,1.7782774,0.05004694835680751,0.2300469483568075,0.051643192488262914,0.14835680751173708,0.13615023474178403,0.1784037558685446,17.770196938514708,,15.430755615234375,0.14278839059999998,,0.14652738
28,1VIY_C,208.0,361,208,1.8834417232324514,1.8814879188717157,1.8864834380318867,1.6155745,2.1756651,1.8535644,0.5278846153846153,0.32132963988919666,0.5048076923076923,0.13480769230769232,0.07479224376731301,0.125,2.44829683303833,,1.979939192533493,0.0203702796,,0.01855821
29,1RTP_1,109.0,109,109,1.2641726599302763,1.2662036941810717,1.2604358910368454,2.3861353,2.2933853,2.4783542,0.5840366972477063,0.5963302752293578,0.5596330275229358,0.045871559633027525,0.03669724770642202,0.03669724770642202,1.4673625707626343,,1.1347201466560364,0.0188676832,,0.01981211
30,1JKN-15_A,165.0,165,165,1.5403769397813463,1.4746645203074344,1.5422376701774134,3.502859,2.2044623,3.0968564,0.07600000000000001,0.23636363636363636,0.07878787878787878,0.2932121212121212,0.2909090909090909,0.28484848484848485,4.517032432556152,,3.792232871055603,0.0918019934,,0.08769375
31,1JFJ-3_A,134.0,134,134,2.283594378507156,2.4113610757338453,2.264461789241235,2.3777323,4.647493,2.7145472,0.48776119402985074,0.582089552238806,0.4925373134328358,0.04029850746268657,0.07462686567164178,0.029850746268656716,9.19326854944229,,7.448346018791199,0.10164912799999999,,0.10825071
32,1LAH_E,238.0,238,238,1.7801863080481897,1.7698811242291834,1.7828846376319798,3.3968701,3.2699647,3.3540354,0.14621848739495796,0.3739495798319328,0.09243697478991597,0.24596638655462183,0.2184873949579832,0.25630252100840334,1.859948143362999,,1.505015343427658,0.022828885400000002,,0.02086102
33,1LIP-2_A,91.0,91,91,1.1746143182867774,1.169525438168934,1.1717472985809678,1.6908674,1.7588643,1.6976975,0.47802197802197804,0.5494505494505495,0.5714285714285714,0.0006593406593406593,0.0,0.0,1.9900573819875718,,1.8297210335731506,0.0544551634,,0.05646331
34,1AEL-12_A,131.0,131,131,1.3510840410640141,1.3588068325978562,1.3467389006406194,1.071632,1.3113769,1.0997295,0.11267175572519082,0.11450381679389313,0.061068702290076333,0.6038167938931298,0.09923664122137404,0.6259541984732825,2.675328069925308,,2.5261548161506653,0.0401934172,,0.03849031
35,2RCS_H,217.0,217,217,2.281015384188208,2.3106167912776807,2.264274399237055,5.8853645,5.9564,5.904182,0.029953917050691246,0.10599078341013825,0.027649769585253458,0.5388018433179723,0.511520737327189,0.5483870967741935,5.175159007310867,,4.119892120361328,0.024860816999999997,,0.02390701
36,1JTB-6_A,91.0,91,91,1.1734733784847964,1.1597589113296556,1.17024806320558,1.6637378,2.2410204,1.6615235,0.5487912087912089,0.5274725274725275,0.34065934065934067,0.0004395604395604396,0.0,0.0,2.667227804660797,,2.541956603527069,0.0314004294,,0.03236562
37,2CG7_A,90.0,90,90,1.6785231022097233,1.6976704613393547,1.6855352778627257,5.3483825,5.475552,5.386136,0.0006666666666666666,0.0,0.0,0.5446666666666666,0.5888888888888889,0.5444444444444444,2.434643065929413,,1.9583091139793396,0.031221022200000004,,0.03054511
38,1SKT-10_A,90.0,90,90,1.2372260519031677,1.1799446137809735,1.2386828887723598,2.506346,2.6807613,2.468224,0.5195555555555557,0.6444444444444445,0.4888888888888889,0.057111111111111106,0.0,0.044444444444444446,3.536953318119049,,3.191390037536621,0.0903598652,,0.09531387
39,1QJ8_A,148.0,148,148,1.7728431656516637,1.8097587546106633,1.768512278359831,0.7700789,0.8762992,0.7501513,0.0012162162162162164,0.0,0.0,0.7232432432432432,0.8175675675675675,0.7364864864864865,3.0023277580738066,,2.713003158569336,0.059727049399999996,,0.05645857
40,2K43-1_A,133.0,133,133,1.3778601017405128,1.3829531580246281,1.376867703670486,1.414293,0.76341385,1.4070594,0.0894736842105263,0.06766917293233082,0.11278195488721804,0.38090225563909774,0.42857142857142855,0.39097744360902253,2.578453478217125,,2.480720281600952,0.024745030200000004,,0.02479678
41,2JU8-9_A,127.0,127,127,1.41930415236397,1.479947973431861,1.4304244742110637,1.5379725,1.7028922,1.45372,0.12661417322834645,0.10236220472440945,0.12598425196850394,0.594015748031496,0.5748031496062992,0.6062992125984252,2.055192247033119,,1.7853505909442902,0.0722030694,,0.05487099
42,1EQM_A,158.0,158,158,1.5511857792983323,1.5820398924197776,1.5504181162126938,2.8119357,2.9333959,2.8373756,0.31569620253164554,0.3037974683544304,0.310126582278481,0.27379746835443036,0.2974683544303797,0.26582278481012656,2.9579185783863067,,2.5764164328575134,0.0357041984,,0.03370108
43,1JFK_A,134.0,134,134,2.1468872207197562,1.7344536758887084,2.109475720747313,2.566733,2.1850386,3.0466282,0.5305970149253731,0.5746268656716418,0.4626865671641791,0.04820895522388059,0.08955223880597014,0.06716417910447761,11.698485147953033,,9.36529278755188,0.37697684699999995,,0.34421858
44,2NLN-4_A,108.0,108,108,1.2703265881106762,1.2546336290934568,1.2633884588776114,2.4438686,2.3355737,2.4505773,0.5822222222222222,0.5092592592592593,0.5648148148148148,0.03629629629629629,0.037037037037037035,0.037037037037037035,3.9768098413944246,,3.8272133469581604,0.0410435516,,0.0423398
45,1WD7_B,254.0,482,254,2.0012428547923844,1.9879112863087185,1.9552266410072918,1.5647078,1.7519821,0.56449366,0.14086614173228346,0.23651452282157676,0.11023622047244094,0.18102362204724406,0.0995850622406639,0.18110236220472442,6.490468204021454,,4.317806363105774,0.05435744240000001,,0.05947569
46,1IJA-15_A,148.0,148,148,1.4965849151187314,1.4886379410336839,1.5025719512159976,2.569763,2.4111195,2.4207687,0.09378378378378378,0.02702702702702703,0.10135135135135136,0.3717567567567568,0.34459459459459457,0.3716216216216216,4.6379440248012545,,4.003632068634033,0.0324125984,,0.03113128
47,2L51-15_B,102.0,102,102,1.4973853482407629,1.4934972732436027,1.4939339069320208,4.1904554,2.4190729,3.9657025,0.6249019607843137,0.6274509803921569,0.6862745098039216,0.021568627450980385,0.0,0.0196078431372549,3.832942098379135,,3.50466787815094,0.030579163200000002,,0.02982929
48,1FMF-4_A,137.0,137,137,1.3778174941026375,1.3657800010787164,1.3647563858462513,1.3767928,1.8102554,1.0364426,0.02233576642335766,0.35036496350364965,0.0,0.10029197080291972,0.22627737226277372,0.24087591240875914,16.139618611335756,,14.412345886230469,0.0494204944,,0.05196641
49,2JWW-13_A,109.0,109,109,1.229555400192997,1.2321298729945658,1.2265939818329503,2.3671906,2.1608996,2.2647643,0.5807339449541284,0.6146788990825688,0.5688073394495413,0.04568807339449542,0.01834862385321101,0.03669724770642202,2.923494130373001,,2.759321630001068,0.0222461172,,0.0233713
50,2L50-24_A,102.0,102,102,1.5354759795354689,1.5703533189880428,1.550586775076264,4.300974,4.2333755,4.423795,0.6349019607843137,0.6372549019607843,0.6372549019607843,0.02862745098039216,0.0196078431372549,0.0196078431372549,3.6626909017562865,,3.305836319923401,0.0404738564,,0.02836835
51,1TJ5_A,244.0,514,244,1.8012060033266346,1.7978188531809627,1.8059495567816142,1.2658622,1.5359066,1.1663724,0.24893442622950823,0.19844357976653695,0.3524590163934426,0.21934426229508194,0.11089494163424124,0.20081967213114754,2.3775621473789217,,2.04091876745224,0.0531041422,,0.05308282
52,1URE-8_A,131.0,131,131,1.3760316884010677,1.3823693276881024,1.372680443438962,1.0955354,1.2458376,1.0921106,0.11832061068702289,0.10687022900763359,0.1297709923664122,0.5984732824427481,0.3435114503816794,0.6030534351145038,1.7354841887950898,,1.5945032238960266,0.0139386876,,0.01462899
53,1ID8-11_A,137.0,137,137,1.3956805718882106,1.386579453904388,1.3727260349010546,1.1936948,0.7696255,1.2430677,0.02890510948905109,0.34306569343065696,0.021897810218978103,0.1102189781021898,0.18248175182481752,0.17518248175182483,16.792570972442626,,14.838697910308838,0.05138319579999999,,0.04661227
54,2ECK_B,214.0,214,214,1.6975776623892875,1.6676586098679578,1.6757214789811834,1.0232755,1.1106379,0.8199292,0.11439252336448597,0.4719626168224299,0.12149532710280374,0.059065420560747664,0.16355140186915887,0.06542056074766354,17.486115622520447,,17.089306116104126,0.08612265840000001,,0.08206519
55,4AKE_B,214.0,214,214,1.810542969978487,1.9540572580774156,1.8119224037165917,1.5054921,1.0526451,1.4908051,0.065607476635514,0.5046728971962616,0.04672897196261682,0.05542056074766354,0.1542056074766355,0.037383177570093455,18.367933344841003,,17.74581789970398,0.1655304214,,0.15807676
56,1GH1-7_A,90.0,90,90,1.209082916724698,1.2081010680647803,1.1989061974977309,1.4888691,1.276251,1.4591,0.6284444444444444,0.5222222222222223,0.6333333333333333,0.00022222222222222223,0.0,0.0,2.3111512631177904,,2.1863874793052673,0.0396764134,,0.04251472
57,1AJ7_H,217.0,218,217,2.1488404699010273,2.0855565442834236,2.142420595921559,5.3562403,4.81921,5.291224,0.03133640552995392,0.08256880733944955,0.027649769585253458,0.5380645161290323,0.48623853211009177,0.5576036866359447,6.069881814718246,,4.944274127483368,0.094994572,,0.08623003
58,2RS9-13_B,121.0,121,121,1.562715363690142,1.592974442925032,1.5634893993729524,2.2861478,4.033096,2.8129053,0.6231404958677687,0.628099173553719,0.6198347107438017,0.0,0.0,0.0,3.3605404675006865,,2.8216856718063354,0.033646567200000005,,0.03132673
59,1F3Y-17_A,165.0,165,165,1.575901315462775,1.579156526778092,1.5706205036638374,3.7764478,2.6920142,3.5429466,0.2608484848484849,0.26666666666666666,0.2545454545454545,0.30727272727272725,0.28484848484848485,0.2727272727272727,5.886965751647949,,5.23256242275238,0.032446658399999995,,0.03280186
60,1EEJ_B,216.0,216,216,1.9106455174421435,1.9029543846371535,1.8986015281503952,3.9348288,4.51109,3.9884353,0.38842592592592595,0.39814814814814814,0.37962962962962965,0.2101851851851852,0.2175925925925926,0.2037037037037037,2.325076997280121,,1.9017252326011658,0.019806742,,0.02025817
61,2UZ5-9_A,137.0,137,137,1.5048160508279247,1.5146809814102677,1.5049799457084088,5.084501,4.812275,4.876509,0.19562043795620437,0.20437956204379562,0.2116788321167883,0.3162043795620438,0.291970802919708,0.31386861313868614,2.586214226484299,,2.464923858642578,0.0160523704,,0.01682245
62,1XSC-20_A,153.0,153,153,1.5090083059221298,1.519984173945801,1.5082835771692298,4.666951,4.5444803,4.5833206,0.1552941176470588,0.24836601307189543,0.23529411764705882,0.3688888888888889,0.24836601307189543,0.37254901960784315,3.050349462032318,,2.6565805077552795,0.021603058399999996,,0.01816953
63,2LAO_A,238.0,238,238,1.8676589716269931,1.9023473619458546,1.8655302015214674,3.4547107,3.2307022,3.3291187,0.3772268907563025,0.3865546218487395,0.36134453781512604,0.24924369747899164,0.23529411764705882,0.24789915966386555,2.5759208679199217,,2.22633495926857,0.0474056032,,0.04671259
64,1EX7_A,186.0,397,186,1.6734829435924357,1.6745988170694863,1.6772115566125299,1.176392,0.87351733,1.2370089,0.4281720430107526,0.20654911838790932,0.43010752688172044,0.229247311827957,0.10327455919395466,0.23118279569892472,2.051499906182289,,1.7790357768535614,0.0403321726,,0.03819453
65,2K0G-9_A,142.0,142,142,1.5104775362242764,1.5425134451200722,1.5104243203080943,5.5243096,5.5740147,5.575484,0.3722535211267606,0.36619718309859156,0.352112676056338,0.2528169014084507,0.24647887323943662,0.24647887323943662,3.740477979183197,,3.301647901535034,0.033146244799999995,,0.03333196
66,1ORM-9_A,148.0,148,148,1.7834896343712554,1.7943168015194786,1.785564754044206,0.8047237,1.0817889,0.7355452,0.0024324324324324327,0.0,0.0,0.6944594594594594,0.10810810810810811,0.6891891891891891,5.249310618638992,,4.901690781116486,0.06291979259999998,,0.06450863
67,2OZW-3_A,125.0,125,125,1.4471709167671603,1.453881292422873,1.4436716988754246,4.258804,3.6516807,4.1848764,0.08416,0.256,0.104,0.33584,0.312,0.352,3.6902038931846617,,3.431198000907898,0.0258601116,,0.02669719
68,1O03_A,221.0,625,221,1.761541801273297,1.8091360385974857,1.7714939256087652,1.2319303,1.5042125,1.1689502,0.22615384615384612,0.1696,0.24434389140271492,0.10895927601809956,0.04,0.13574660633484162,2.1693048149347307,,1.8458595871925354,0.029010394199999998,,0.03071566
69,2KID-4_A,148.0,148,148,1.5052372374453022,1.5192197788057975,1.5056057043990647,2.6327767,1.8712226,2.4060822,0.085,0.07432432432432433,0.06756756756756757,0.38445945945945953,0.3783783783783784,0.40540540540540543,2.6521886348724366,,2.143739014863968,0.014841311800000001,,0.01430358
70,1W4U-9_A,147.0,147,147,1.5367140993867279,1.504562098321368,1.5300350531726166,3.4432602,3.4691916,3.5107443,0.2859863945578231,0.36054421768707484,0.3197278911564626,0.19918367346938773,0.1360544217687075,0.19047619047619047,2.3414839535951613,,2.1543166041374207,0.044008945800000004,,0.03798457
71,1XYD-15_B,92.0,92,92,1.38857811830445,1.3892756644904705,1.381613280349554,3.610201,3.2928271,3.6466434,0.6684782608695653,0.5869565217391305,0.6847826086956522,0.0441304347826087,0.021739130434782608,0.043478260869565216,3.0117311120033263,,2.607448101043701,0.0264263862,,0.02599281
72,1SYM-2_B,92.0,92,92,1.4030350885368825,1.3988091900471173,1.4034115585645457,3.5242736,2.2496939,3.496343,0.6521739130434783,0.5760869565217391,0.6521739130434783,0.04434782608695653,0.043478260869565216,0.043478260869565216,5.055365067720413,,4.490363299846649,0.0285813196,,0.02661981
73,1WUM_A,118.0,118,118,1.4847793152081967,1.4754202455140597,1.48176398021879,2.8167455,2.7402232,2.5888076,0.6079661016949153,0.5508474576271186,0.6101694915254238,0.00033898305084745765,0.0,0.0,5.111200517416,,4.31826114654541,0.0281925916,,0.02560373
74,2JU3-3_A,127.0,127,127,1.4064704531223038,1.4255477608115616,1.4105268725557072,1.5382804,1.6247493,1.5605626,0.12330708661417322,0.11023622047244094,0.12598425196850394,0.6033070866141732,0.5905511811023622,0.6220472440944882,3.0930724859237673,,2.7931585907936096,0.038599455600000006,,0.03461581
75,1LMZ-9_A,187.0,187,187,1.7225963141944147,1.8024903737328817,1.7195740354457139,1.2886432,1.9358808,1.2643412,0.5554010695187166,0.5508021390374331,0.5454545454545454,0.030802139037433153,0.0213903743315508,0.03208556149732621,2.9089747071266174,,2.7572986483573914,0.0559175984,,0.05824946
76,2LKD-18_A,178.0,178,178,1.5891848890213607,1.5728038757539782,1.5849792513429177,1.7295232,1.4882218,1.6602752,0.27752808988764044,0.24719101123595505,0.29775280898876405,0.22820224719101123,0.15168539325842698,0.23595505617977527,5.022803831100464,,4.568021893501282,0.0207510408,,0.02184173
77,2CJO-5_A,97.0,97,97,1.1927868150587164,1.1786621032721627,1.188997032401189,3.5147192,3.5046167,3.4941597,0.17793814432989685,0.17525773195876287,0.2268041237113402,0.30927835051546393,0.28865979381443296,0.29896907216494845,1.7270753711462021,,1.474059522151947,0.024559029,,0.02169071
78,1MUT-11_A,129.0,129,129,1.4289443931139385,1.4328770580742476,1.4293267372816754,3.6573346,3.407194,3.6066155,0.18387596899224806,0.11627906976744186,0.18604651162790697,0.42155038759689917,0.16279069767441862,0.43410852713178294,4.052078425884247,,3.7496814131736755,0.023718256199999996,,0.02238475
79,1KRX-4_A,124.0,124,124,1.302956047598123,1.301471521023024,1.306542980461353,1.0922568,0.8768204,1.0860542,0.2690322580645161,0.4435483870967742,0.29838709677419356,0.18483870967741936,0.14516129032258066,0.1774193548387097,3.3039433896541595,,2.9996395111083984,0.0319861146,,0.03319694
